,Name,Team,Number,Position,Age,Height,Weight,College,Salary,Collage
0,Avery Bradley,Boston Celtics,0.0,PG,25.0,6-2,180.0,SDÜ,7730337.0,SDÜ
1,Jae Crowder,Boston Celtics,99.0,SF,25.0,6-6,235.0,SDÜ,6796117.0,SDÜ
2,John Holland,Boston Celtics,30.0,SG,27.0,6-5,205.0,SDÜ,,SDÜ
3,R.J. Hunter,Boston Celtics,28.0,SG,22.0,6-5,185.0,SDÜ,1148640.0,SDÜ
4,Jonas Jerebko,Boston Celtics,8.0,PF,29.0,6-10,231.0,SDÜ,5000000.0,SDÜ
5,Amir Johnson,Boston Celtics,90.0,PF,29.0,6-9,240.0,SDÜ,12000000.0,SDÜ
6,Jordan Mickey,Boston Celtics,55.0,PF,21.0,6-8,235.0,SDÜ,1170960.0,SDÜ
7,Kelly Olynyk,Boston Celtics,41.0,C,25.0,7-0,238.0,SDÜ,2165160.0,SDÜ
8,Terry Rozier,Boston Celtics,12.0,PG,22.0,6-2,190.0,SDÜ,1824360.0,SDÜ
9,Marcus Smart,Boston Celtics,36.0,PG,22.0,6-4,220.0,SDÜ,3431040.0,SDÜ
10,Jared Sullinger,Boston Celtics,7.0,C,24.0,6-9,260.0,SDÜ,2569260.0,SDÜ
11,Isaiah Thomas,Boston Celtics,4.0,PG,27.0,5-9,185.0,SDÜ,6912869.0,SDÜ
12,Evan Turner,Boston Celtics,11.0,SG,27.0,6-7,220.0,SDÜ,3425510.0,SDÜ
13,James Young,Boston Celtics,13.0,SG,20.0,6-6,215.0,SDÜ,1749840.0,SDÜ
14,Tyler Zeller,Boston Celtics,44.0,C,26.0,7-0,253.0,SDÜ,2616975.0,SDÜ
15,Bojan Bogdanovic,Brooklyn Nets,44.0,SG,27.0,6-8,216.0,SDÜ,3425510.0,SDÜ
16,Markel Brown,Brooklyn Nets,22.0,SG,24.0,6-3,190.0,SDÜ,845059.0,SDÜ
17,Wayne Ellington,Brooklyn Nets,21.0,SG,28.0,6-4,200.0,SDÜ,1500000.0,SDÜ
18,Rondae Hollis-Jefferson,Brooklyn Nets,24.0,SG,21.0,6-7,220.0,SDÜ,1335480.0,SDÜ
19,Jarrett Jack,Brooklyn Nets,2.0,PG,32.0,6-3,200.0,SDÜ,6300000.0,SDÜ
20,Sergey Karasev,Brooklyn Nets,10.0,SG,22.0,6-7,208.0,SDÜ,1599840.0,SDÜ
21,Sean Kilpatrick,Brooklyn Nets,6.0,SG,26.0,6-4,219.0,SDÜ,134215.0,SDÜ
22,Shane Larkin,Brooklyn Nets,0.0,PG,23.0,5-11,175.0,SDÜ,1500000.0,SDÜ
23,Brook Lopez,Brooklyn Nets,11.0,C,28.0,7-0,275.0,SDÜ,19689000.0,SDÜ
24,Chris McCullough,Brooklyn Nets,1.0,PF,21.0,6-11,200.0,SDÜ,1140240.0,SDÜ
25,Willie Reed,Brooklyn Nets,33.0,PF,26.0,6-10,220.0,SDÜ,947276.0,SDÜ
26,Thomas Robinson,Brooklyn Nets,41.0,PF,25.0,6-10,237.0,SDÜ,981348.0,SDÜ
27,Henry Sims,Brooklyn Nets,14.0,C,26.0,6-10,248.0,SDÜ,947276.0,SDÜ
28,Donald Sloan,Brooklyn Nets,15.0,PG,28.0,6-3,205.0,SDÜ,947276.0,SDÜ
29,Thaddeus Young,Brooklyn Nets,30.0,PF,27.0,6-8,221.0,SDÜ,11235955.0,SDÜ
30,Arron Afflalo,New York Knicks,4.0,SG,30.0,6-5,210.0,SDÜ,8000000.0,SDÜ
31,Lou Amundson,New York Knicks,17.0,PF,33.0,6-9,220.0,SDÜ,1635476.0,SDÜ
32,Thanasis Antetokounmpo,New York Knicks,43.0,SF,23.0,6-7,205.0,SDÜ,30888.0,SDÜ
33,Carmelo Anthony,New York Knicks,7.0,SF,32.0,6-8,240.0,SDÜ,22875000.0,SDÜ
34,Jose Calderon,New York Knicks,3.0,PG,34.0,6-3,200.0,SDÜ,7402812.0,SDÜ
35,Cleanthony Early,New York Knicks,11.0,SF,25.0,6-8,210.0,SDÜ,845059.0,SDÜ
36,Langston Galloway,New York Knicks,2.0,SG,24.0,6-2,200.0,SDÜ,845059.0,SDÜ
37,Jerian Grant,New York Knicks,13.0,PG,23.0,6-4,195.0,SDÜ,1572360.0,SDÜ
38,Robin Lopez,New York Knicks,8.0,C,28.0,7-0,255.0,SDÜ,12650000.0,SDÜ
39,Kyle O'Quinn,New York Knicks,9.0,PF,26.0,6-10,250.0,SDÜ,3750000.0,SDÜ
40,Kristaps Porzingis,New York Knicks,6.0,PF,20.0,7-3,240.0,SDÜ,4131720.0,SDÜ
41,Kevin Seraphin,New York Knicks,1.0,C,26.0,6-10,278.0,SDÜ,2814000.0,SDÜ
42,Lance Thomas,New York Knicks,42.0,SF,28.0,6-8,235.0,SDÜ,1636842.0,SDÜ
43,Sasha Vujacic,New York Knicks,18.0,SG,32.0,6-7,195.0,SDÜ,947276.0,SDÜ
44,Derrick Williams,New York Knicks,23.0,PF,25.0,6-8,240.0,SDÜ,4000000.0,SDÜ
45,Tony Wroten,New York Knicks,5.0,SG,23.0,6-6,205.0,SDÜ,167406.0,SDÜ
46,Elton Brand,Philadelphia 76ers,42.0,PF,37.0,6-9,254.0,SDÜ,,SDÜ
47,Isaiah Canaan,Philadelphia 76ers,0.0,PG,25.0,6-0,201.0,SDÜ,947276.0,SDÜ
48,Robert Covington,Philadelphia 76ers,33.0,SF,25.0,6-9,215.0,SDÜ,1000000.0,SDÜ
49,Joel Embiid,Philadelphia 76ers,21.0,C,22.0,7-0,250.0,SDÜ,4626960.0,SDÜ
50,Jerami Grant,Philadelphia 76ers,39.0,SF,22.0,6-8,210.0,SDÜ,845059.0,SDÜ
51,Richaun Holmes,Philadelphia 76ers,22.0,PF,22.0,6-10,245.0,SDÜ,1074169.0,SDÜ
52,Carl Landry,Philadelphia 76ers,7.0,PF,32.0,6-9,248.0,SDÜ,6500000.0,SDÜ
53,Kendall Marshall,Philadelphia 76ers,5.0,PG,24.0,6-4,200.0,SDÜ,2144772.0,SDÜ
54,T.J. McConnell,Philadelphia 76ers,12.0,PG,24.0,6-2,200.0,SDÜ,525093.0,SDÜ
55,Nerlens Noel,Philadelphia 76ers,4.0,PF,22.0,6-11,228.0,SDÜ,3457800.0,SDÜ
56,Jahlil Okafor,Philadelphia 76ers,8.0,C,20.0,6-11,275.0,SDÜ,4582680.0,SDÜ
57,Ish Smith,Philadelphia 76ers,1.0,PG,27.0,6-0,175.0,SDÜ,947276.0,SDÜ
58,Nik Stauskas,Philadelphia 76ers,11.0,SG,22.0,6-6,205.0,SDÜ,2869440.0,SDÜ
59,Hollis Thompson,Philadelphia 76ers,31.0,SG,25.0,6-8,206.0,SDÜ,947276.0,SDÜ
60,Christian Wood,Philadelphia 76ers,35.0,PF,20.0,6-11,220.0,SDÜ,525093.0,SDÜ
61,Bismack Biyombo,Toronto Raptors,8.0,C,23.0,6-9,245.0,SDÜ,2814000.0,SDÜ
62,Bruno Caboclo,Toronto Raptors,20.0,SF,20.0,6-9,205.0,SDÜ,1524000.0,SDÜ
63,DeMarre Carroll,Toronto Raptors,5.0,SF,29.0,6-8,212.0,SDÜ,13600000.0,SDÜ
64,DeMar DeRozan,Toronto Raptors,10.0,SG,26.0,6-7,220.0,SDÜ,10050000.0,SDÜ
65,James Johnson,Toronto Raptors,3.0,PF,29.0,6-9,250.0,SDÜ,2500000.0,SDÜ
66,Cory Joseph,Toronto Raptors,6.0,PG,24.0,6-3,190.0,SDÜ,7000000.0,SDÜ
67,Kyle Lowry,Toronto Raptors,7.0,PG,30.0,6-0,205.0,SDÜ,12000000.0,SDÜ
68,Lucas Nogueira,Toronto Raptors,92.0,C,23.0,7-0,220.0,SDÜ,1842000.0,SDÜ
69,Patrick Patterson,Toronto Raptors,54.0,PF,27.0,6-9,235.0,SDÜ,6268675.0,SDÜ
70,Norman Powell,Toronto Raptors,24.0,SG,23.0,6-4,215.0,SDÜ,650000.0,SDÜ
71,Terrence Ross,Toronto Raptors,31.0,SF,25.0,6-7,195.0,SDÜ,3553917.0,SDÜ
72,Luis Scola,Toronto Raptors,4.0,PF,36.0,6-9,240.0,SDÜ,2900000.0,SDÜ
73,Jason Thompson,Toronto Raptors,1.0,PF,29.0,6-11,250.0,SDÜ,245177.0,SDÜ
74,Jonas Valanciunas,Toronto Raptors,17.0,C,24.0,7-0,255.0,SDÜ,4660482.0,SDÜ
75,Delon Wright,Toronto Raptors,55.0,PG,24.0,6-5,190.0,SDÜ,1509360.0,SDÜ
76,Leandro Barbosa,Golden State Warriors,19.0,SG,33.0,6-3,194.0,SDÜ,2500000.0,SDÜ
77,Harrison Barnes,Golden State Warriors,40.0,SF,24.0,6-8,225.0,SDÜ,3873398.0,SDÜ
78,Andrew Bogut,Golden State Warriors,12.0,C,31.0,7-0,260.0,SDÜ,13800000.0,SDÜ
79,Ian Clark,Golden State Warriors,21.0,SG,25.0,6-3,175.0,SDÜ,947276.0,SDÜ
80,Stephen Curry,Golden State Warriors,30.0,PG,28.0,6-3,190.0,SDÜ,11370786.0,SDÜ
81,Festus Ezeli,Golden State Warriors,31.0,C,26.0,6-11,265.0,SDÜ,2008748.0,SDÜ
82,Draymond Green,Golden State Warriors,23.0,PF,26.0,6-7,230.0,SDÜ,14260870.0,SDÜ
83,Andre Iguodala,Golden State Warriors,9.0,SF,32.0,6-6,215.0,SDÜ,11710456.0,SDÜ
84,Shaun Livingston,Golden State Warriors,34.0,PG,30.0,6-7,192.0,SDÜ,5543725.0,SDÜ
85,Kevon Looney,Golden State Warriors,36.0,SF,20.0,6-9,220.0,SDÜ,1131960.0,SDÜ
86,James Michael McAdoo,Golden State Warriors,20.0,SF,23.0,6-9,240.0,SDÜ,845059.0,SDÜ
87,Brandon Rush,Golden State Warriors,4.0,SF,30.0,6-6,220.0,SDÜ,1270964.0,SDÜ
88,Marreese Speights,Golden State Warriors,5.0,C,28.0,6-10,255.0,SDÜ,3815000.0,SDÜ
89,Klay Thompson,Golden State Warriors,11.0,SG,26.0,6-7,215.0,SDÜ,15501000.0,SDÜ
90,Anderson Varejao,Golden State Warriors,18.0,PF,33.0,6-11,273.0,SDÜ,289755.0,SDÜ
91,Cole Aldrich,Los Angeles Clippers,45.0,C,27.0,6-11,250.0,SDÜ,1100602.0,SDÜ
92,Jeff Ayres,Los Angeles Clippers,19.0,PF,29.0,6-9,250.0,SDÜ,111444.0,SDÜ
93,Jamal Crawford,Los Angeles Clippers,11.0,SG,36.0,6-5,195.0,SDÜ,5675000.0,SDÜ
94,Branden Dawson,Los Angeles Clippers,22.0,SF,23.0,6-6,225.0,SDÜ,525093.0,SDÜ
95,Jeff Green,Los Angeles Clippers,8.0,SF,29.0,6-9,235.0,SDÜ,9650000.0,SDÜ
96,Blake Griffin,Los Angeles Clippers,32.0,PF,27.0,6-10,251.0,SDÜ,18907726.0,SDÜ
97,Wesley Johnson,Los Angeles Clippers,33.0,SF,28.0,6-7,215.0,SDÜ,1100602.0,SDÜ
98,DeAndre Jordan,Los Angeles Clippers,6.0,C,27.0,6-11,265.0,SDÜ,19689000.0,SDÜ
99,Luc Richard Mbah a Moute,Los Angeles Clippers,12.0,PF,29.0,6-8,230.0,SDÜ,947276.0,SDÜ
100,Chris Paul,Los Angeles Clippers,3.0,PG,31.0,6-0,175.0,SDÜ,21468695.0,SDÜ
101,Paul Pierce,Los Angeles Clippers,34.0,SF,38.0,6-7,235.0,SDÜ,3376000.0,SDÜ
102,Pablo Prigioni,Los Angeles Clippers,9.0,PG,39.0,6-3,185.0,SDÜ,947726.0,SDÜ
103,JJ Redick,Los Angeles Clippers,4.0,SG,31.0,6-4,190.0,SDÜ,7085000.0,SDÜ
104,Austin Rivers,Los Angeles Clippers,25.0,PG,23.0,6-4,200.0,SDÜ,3110796.0,SDÜ
105,C.J. Wilcox,Los Angeles Clippers,30.0,SG,25.0,6-5,195.0,SDÜ,1159680.0,SDÜ
106,Brandon Bass,Los Angeles Lakers,2.0,PF,31.0,6-8,250.0,SDÜ,3000000.0,SDÜ
107,Tarik Black,Los Angeles Lakers,28.0,C,24.0,6-9,250.0,SDÜ,845059.0,SDÜ
108,Anthony Brown,Los Angeles Lakers,3.0,SF,23.0,6-7,210.0,SDÜ,700000.0,SDÜ
109,Kobe Bryant,Los Angeles Lakers,24.0,SF,37.0,6-6,212.0,SDÜ,25000000.0,SDÜ
110,Jordan Clarkson,Los Angeles Lakers,6.0,PG,24.0,6-5,194.0,SDÜ,845059.0,SDÜ
111,Roy Hibbert,Los Angeles Lakers,17.0,C,29.0,7-2,270.0,SDÜ,15592217.0,SDÜ
112,Marcelo Huertas,Los Angeles Lakers,9.0,PG,33.0,6-3,200.0,SDÜ,525093.0,SDÜ
113,Ryan Kelly,Los Angeles Lakers,4.0,PF,25.0,6-11,230.0,SDÜ,1724250.0,SDÜ
114,Larry Nance Jr.,Los Angeles Lakers,7.0,PF,23.0,6-9,230.0,SDÜ,1155600.0,SDÜ
115,Julius Randle,Los Angeles Lakers,30.0,PF,21.0,6-9,250.0,SDÜ,3132240.0,SDÜ
116,D'Angelo Russell,Los Angeles Lakers,1.0,PG,20.0,6-5,195.0,SDÜ,5103120.0,SDÜ
117,Robert Sacre,Los Angeles Lakers,50.0,C,27.0,7-0,270.0,SDÜ,981348.0,SDÜ
118,Louis Williams,Los Angeles Lakers,23.0,SG,29.0,6-1,175.0,SDÜ,7000000.0,SDÜ
119,Metta World Peace,Los Angeles Lakers,37.0,SF,36.0,6-7,260.0,SDÜ,947276.0,SDÜ
120,Nick Young,Los Angeles Lakers,0.0,SF,31.0,6-7,210.0,SDÜ,5219169.0,SDÜ
121,Eric Bledsoe,Phoenix Suns,2.0,PG,26.0,6-1,190.0,SDÜ,13500000.0,SDÜ
122,Devin Booker,Phoenix Suns,1.0,SG,19.0,6-6,206.0,SDÜ,2127840.0,SDÜ
123,Chase Budinger,Phoenix Suns,10.0,SF,28.0,6-7,209.0,SDÜ,206192.0,SDÜ
124,Tyson Chandler,Phoenix Suns,4.0,C,33.0,7-1,240.0,SDÜ,13000000.0,SDÜ
125,Archie Goodwin,Phoenix Suns,20.0,SG,21.0,6-5,200.0,SDÜ,1160160.0,SDÜ
126,John Jenkins,Phoenix Suns,23.0,SG,25.0,6-4,215.0,SDÜ,981348.0,SDÜ
127,Brandon Knight,Phoenix Suns,3.0,PG,24.0,6-3,189.0,SDÜ,13500000.0,SDÜ
128,Alex Len,Phoenix Suns,21.0,C,22.0,7-1,260.0,SDÜ,3807120.0,SDÜ
129,Jon Leuer,Phoenix Suns,30.0,PF,27.0,6-10,228.0,SDÜ,1035000.0,SDÜ
130,Phil Pressey,Phoenix Suns,25.0,PG,25.0,5-11,175.0,SDÜ,55722.0,SDÜ
131,Ronnie Price,Phoenix Suns,14.0,PG,32.0,6-2,190.0,SDÜ,947276.0,SDÜ
132,Mirza Teletovic,Phoenix Suns,35.0,PF,30.0,6-9,242.0,SDÜ,5500000.0,SDÜ
133,P.J. Tucker,Phoenix Suns,17.0,SF,31.0,6-6,245.0,SDÜ,5500000.0,SDÜ
134,T.J. Warren,Phoenix Suns,12.0,SF,22.0,6-8,230.0,SDÜ,2041080.0,SDÜ
135,Alan Williams,Phoenix Suns,15.0,C,23.0,6-8,260.0,SDÜ,83397.0,SDÜ
136,Quincy Acy,Sacramento Kings,13.0,SF,25.0,6-7,240.0,SDÜ,981348.0,SDÜ
137,James Anderson,Sacramento Kings,5.0,SG,27.0,6-6,213.0,SDÜ,1015421.0,SDÜ
138,Marco Belinelli,Sacramento Kings,3.0,SG,30.0,6-5,210.0,SDÜ,6060606.0,SDÜ
139,Caron Butler,Sacramento Kings,31.0,SF,36.0,6-7,228.0,SDÜ,1449187.0,SDÜ
140,Omri Casspi,Sacramento Kings,18.0,SF,27.0,6-9,225.0,SDÜ,2836186.0,SDÜ
141,Willie Cauley-Stein,Sacramento Kings,0.0,C,22.0,7-0,240.0,SDÜ,3398280.0,SDÜ
142,Darren Collison,Sacramento Kings,7.0,PG,28.0,6-0,175.0,SDÜ,5013559.0,SDÜ
143,DeMarcus Cousins,Sacramento Kings,15.0,C,25.0,6-11,270.0,SDÜ,15851950.0,SDÜ
144,Seth Curry,Sacramento Kings,30.0,SG,25.0,6-2,185.0,SDÜ,947276.0,SDÜ
145,Duje Dukan,Sacramento Kings,26.0,PF,24.0,6-9,220.0,SDÜ,525093.0,SDÜ
146,Rudy Gay,Sacramento Kings,8.0,SF,29.0,6-8,230.0,SDÜ,12403101.0,SDÜ
147,Kosta Koufos,Sacramento Kings,41.0,C,27.0,7-0,265.0,SDÜ,7700000.0,SDÜ
148,Ben McLemore,Sacramento Kings,23.0,SG,23.0,6-5,195.0,SDÜ,3156600.0,SDÜ
149,Eric Moreland,Sacramento Kings,25.0,PF,24.0,6-10,238.0,SDÜ,845059.0,SDÜ
150,Rajon Rondo,Sacramento Kings,9.0,PG,30.0,6-1,186.0,SDÜ,9500000.0,SDÜ
151,Cameron Bairstow,Chicago Bulls,41.0,PF,25.0,6-9,250.0,SDÜ,845059.0,SDÜ
152,Aaron Brooks,Chicago Bulls,0.0,PG,31.0,6-0,161.0,SDÜ,2250000.0,SDÜ
153,Jimmy Butler,Chicago Bulls,21.0,SG,26.0,6-7,220.0,SDÜ,16407500.0,SDÜ
154,Mike Dunleavy,Chicago Bulls,34.0,SG,35.0,6-9,230.0,SDÜ,4500000.0,SDÜ
155,Cristiano Felicio,Chicago Bulls,6.0,PF,23.0,6-10,275.0,SDÜ,525093.0,SDÜ
156,Pau Gasol,Chicago Bulls,16.0,C,35.0,7-0,250.0,SDÜ,7448760.0,SDÜ
157,Taj Gibson,Chicago Bulls,22.0,PF,30.0,6-9,225.0,SDÜ,8500000.0,SDÜ
158,Justin Holiday,Chicago Bulls,7.0,SG,27.0,6-6,185.0,SDÜ,947276.0,SDÜ
159,Doug McDermott,Chicago Bulls,3.0,SF,24.0,6-8,225.0,SDÜ,2380440.0,SDÜ
160,Nikola Mirotic,Chicago Bulls,44.0,PF,25.0,6-10,220.0,SDÜ,5543725.0,SDÜ
161,E'Twaun Moore,Chicago Bulls,55.0,SG,27.0,6-4,191.0,SDÜ,1015421.0,SDÜ
162,Joakim Noah,Chicago Bulls,13.0,C,31.0,6-11,232.0,SDÜ,13400000.0,SDÜ
163,Bobby Portis,Chicago Bulls,5.0,PF,21.0,6-11,230.0,SDÜ,1391160.0,SDÜ
164,Derrick Rose,Chicago Bulls,1.0,PG,27.0,6-3,190.0,SDÜ,20093064.0,SDÜ
165,Tony Snell,Chicago Bulls,20.0,SF,24.0,6-7,200.0,SDÜ,1535880.0,SDÜ
166,Matthew Dellavedova,Cleveland Cavaliers,8.0,PG,25.0,6-4,198.0,SDÜ,1147276.0,SDÜ
167,Channing Frye,Cleveland Cavaliers,9.0,PF,33.0,6-11,255.0,SDÜ,8193029.0,SDÜ
168,Kyrie Irving,Cleveland Cavaliers,2.0,PG,24.0,6-3,193.0,SDÜ,16407501.0,SDÜ
169,LeBron James,Cleveland Cavaliers,23.0,SF,31.0,6-8,250.0,SDÜ,22970500.0,SDÜ
170,Richard Jefferson,Cleveland Cavaliers,24.0,SF,35.0,6-7,233.0,SDÜ,947276.0,SDÜ
171,Dahntay Jones,Cleveland Cavaliers,30.0,SG,35.0,6-6,225.0,SDÜ,,SDÜ
172,James Jones,Cleveland Cavaliers,1.0,SG,35.0,6-8,218.0,SDÜ,947276.0,SDÜ
173,Sasha Kaun,Cleveland Cavaliers,14.0,C,31.0,6-11,260.0,SDÜ,1276000.0,SDÜ
174,Kevin Love,Cleveland Cavaliers,0.0,PF,27.0,6-10,251.0,SDÜ,19689000.0,SDÜ
175,Jordan McRae,Cleveland Cavaliers,12.0,SG,25.0,6-5,179.0,SDÜ,111196.0,SDÜ
176,Timofey Mozgov,Cleveland Cavaliers,20.0,C,29.0,7-1,275.0,SDÜ,4950000.0,SDÜ
177,Iman Shumpert,Cleveland Cavaliers,4.0,SG,25.0,6-5,220.0,SDÜ,8988765.0,SDÜ
178,J.R. Smith,Cleveland Cavaliers,5.0,SG,30.0,6-6,225.0,SDÜ,5000000.0,SDÜ
179,Tristan Thompson,Cleveland Cavaliers,13.0,C,25.0,6-9,238.0,SDÜ,14260870.0,SDÜ
180,Mo Williams,Cleveland Cavaliers,52.0,PG,33.0,6-1,198.0,SDÜ,2100000.0,SDÜ
181,Joel Anthony,Detroit Pistons,50.0,C,33.0,6-9,245.0,SDÜ,2500000.0,SDÜ
182,Aron Baynes,Detroit Pistons,12.0,C,29.0,6-10,260.0,SDÜ,6500000.0,SDÜ
183,Steve Blake,Detroit Pistons,22.0,PG,36.0,6-3,172.0,SDÜ,2170465.0,SDÜ
184,Lorenzo Brown,Detroit Pistons,17.0,PG,25.0,6-5,189.0,SDÜ,111444.0,SDÜ
185,Reggie Bullock,Detroit Pistons,25.0,SF,25.0,6-7,205.0,SDÜ,1252440.0,SDÜ
186,Kentavious Caldwell-Pope,Detroit Pistons,5.0,SG,23.0,6-5,205.0,SDÜ,2891760.0,SDÜ
187,Spencer Dinwiddie,Detroit Pistons,8.0,PG,23.0,6-6,200.0,SDÜ,845059.0,SDÜ
188,Andre Drummond,Detroit Pistons,0.0,C,22.0,6-11,279.0,SDÜ,3272091.0,SDÜ
189,Tobias Harris,Detroit Pistons,34.0,SF,23.0,6-9,235.0,SDÜ,16000000.0,SDÜ
190,Darrun Hilliard,Detroit Pistons,6.0,SF,23.0,6-6,205.0,SDÜ,600000.0,SDÜ
191,Reggie Jackson,Detroit Pistons,1.0,PG,26.0,6-3,208.0,SDÜ,13913044.0,SDÜ
192,Stanley Johnson,Detroit Pistons,3.0,SF,20.0,6-7,245.0,SDÜ,2841960.0,SDÜ
193,Jodie Meeks,Detroit Pistons,20.0,SG,28.0,6-4,210.0,SDÜ,6270000.0,SDÜ
194,Marcus Morris,Detroit Pistons,13.0,PF,26.0,6-9,235.0,SDÜ,5000000.0,SDÜ
195,Anthony Tolliver,Detroit Pistons,43.0,PF,31.0,6-8,240.0,SDÜ,3000000.0,SDÜ
196,Lavoy Allen,Indiana Pacers,5.0,PF,27.0,6-9,255.0,SDÜ,4050000.0,SDÜ
197,Rakeem Christmas,Indiana Pacers,25.0,PF,24.0,6-9,250.0,SDÜ,1007026.0,SDÜ
198,Monta Ellis,Indiana Pacers,11.0,SG,30.0,6-3,185.0,SDÜ,10300000.0,SDÜ
199,Paul George,Indiana Pacers,13.0,SF,26.0,6-9,220.0,SDÜ,17120106.0,SDÜ
200,George Hill,Indiana Pacers,3.0,PG,30.0,6-3,188.0,SDÜ,8000000.0,SDÜ
201,Jordan Hill,Indiana Pacers,27.0,C,28.0,6-10,235.0,SDÜ,4000000.0,SDÜ
202,Solomon Hill,Indiana Pacers,44.0,SF,25.0,6-7,225.0,SDÜ,1358880.0,SDÜ
203,Ty Lawson,Indiana Pacers,10.0,PG,28.0,5-11,195.0,SDÜ,211744.0,SDÜ
204,Ian Mahinmi,Indiana Pacers,28.0,C,29.0,6-11,250.0,SDÜ,4000000.0,SDÜ
205,C.J. Miles,Indiana Pacers,0.0,SF,29.0,6-6,231.0,SDÜ,4394225.0,SDÜ
206,Glenn Robinson III,Indiana Pacers,40.0,SG,22.0,6-7,222.0,SDÜ,1100000.0,SDÜ
207,Rodney Stuckey,Indiana Pacers,2.0,PG,30.0,6-5,205.0,SDÜ,7000000.0,SDÜ
208,Myles Turner,Indiana Pacers,33.0,PF,20.0,6-11,243.0,SDÜ,2357760.0,SDÜ
209,Shayne Whittington,Indiana Pacers,42.0,PF,25.0,6-11,250.0,SDÜ,845059.0,SDÜ
210,Joe Young,Indiana Pacers,1.0,PG,23.0,6-2,180.0,SDÜ,1007026.0,SDÜ
211,Giannis Antetokounmpo,Milwaukee Bucks,34.0,SF,21.0,6-11,222.0,SDÜ,1953960.0,SDÜ
212,Jerryd Bayless,Milwaukee Bucks,19.0,PG,27.0,6-3,200.0,SDÜ,3000000.0,SDÜ
213,Michael Carter-Williams,Milwaukee Bucks,5.0,PG,24.0,6-6,190.0,SDÜ,2399040.0,SDÜ
214,Jared Cunningham,Milwaukee Bucks,9.0,SG,25.0,6-4,195.0,SDÜ,947276.0,SDÜ
215,Tyler Ennis,Milwaukee Bucks,11.0,PG,21.0,6-3,194.0,SDÜ,1662360.0,SDÜ
216,John Henson,Milwaukee Bucks,31.0,PF,25.0,6-11,229.0,SDÜ,2943221.0,SDÜ
217,Damien Inglis,Milwaukee Bucks,17.0,SF,21.0,6-8,246.0,SDÜ,855000.0,SDÜ
218,O.J. Mayo,Milwaukee Bucks,3.0,SG,28.0,6-5,210.0,SDÜ,8000000.0,SDÜ
219,Khris Middleton,Milwaukee Bucks,22.0,SG,24.0,6-8,234.0,SDÜ,14700000.0,SDÜ
220,Greg Monroe,Milwaukee Bucks,15.0,C,26.0,6-11,265.0,SDÜ,16407500.0,SDÜ
221,Steve Novak,Milwaukee Bucks,6.0,SF,32.0,6-10,225.0,SDÜ,295327.0,SDÜ
222,Johnny O'Bryant III,Milwaukee Bucks,77.0,PF,23.0,6-9,257.0,SDÜ,845059.0,SDÜ
223,Jabari Parker,Milwaukee Bucks,12.0,PF,21.0,6-8,250.0,SDÜ,5152440.0,SDÜ
224,Miles Plumlee,Milwaukee Bucks,18.0,C,27.0,6-11,249.0,SDÜ,2109294.0,SDÜ
225,Greivis Vasquez,Milwaukee Bucks,21.0,PG,29.0,6-6,217.0,SDÜ,6600000.0,SDÜ
226,Rashad Vaughn,Milwaukee Bucks,20.0,SG,19.0,6-6,202.0,SDÜ,1733040.0,SDÜ
227,Justin Anderson,Dallas Mavericks,1.0,SG,22.0,6-6,228.0,SDÜ,1449000.0,SDÜ
228,J.J. Barea,Dallas Mavericks,5.0,PG,31.0,6-0,185.0,SDÜ,4290000.0,SDÜ
229,Jeremy Evans,Dallas Mavericks,21.0,SF,28.0,6-9,200.0,SDÜ,1100602.0,SDÜ
230,Raymond Felton,Dallas Mavericks,2.0,PG,31.0,6-1,205.0,SDÜ,3950313.0,SDÜ
231,Devin Harris,Dallas Mavericks,34.0,PG,33.0,6-3,185.0,SDÜ,4053446.0,SDÜ
232,David Lee,Dallas Mavericks,42.0,PF,33.0,6-9,245.0,SDÜ,2085671.0,SDÜ
233,Wesley Matthews,Dallas Mavericks,23.0,SG,29.0,6-5,220.0,SDÜ,16407500.0,SDÜ
234,JaVale McGee,Dallas Mavericks,11.0,C,28.0,7-0,270.0,SDÜ,1270964.0,SDÜ
235,Salah Mejri,Dallas Mavericks,50.0,C,29.0,7-2,245.0,SDÜ,525093.0,SDÜ
236,Dirk Nowitzki,Dallas Mavericks,41.0,PF,37.0,7-0,245.0,SDÜ,8333334.0,SDÜ
237,Zaza Pachulia,Dallas Mavericks,27.0,C,32.0,6-11,275.0,SDÜ,5200000.0,SDÜ
238,Chandler Parsons,Dallas Mavericks,25.0,SF,27.0,6-10,230.0,SDÜ,15361500.0,SDÜ
239,Dwight Powell,Dallas Mavericks,7.0,PF,24.0,6-11,240.0,SDÜ,845059.0,SDÜ
240,Charlie Villanueva,Dallas Mavericks,3.0,PF,31.0,6-11,232.0,SDÜ,947276.0,SDÜ
241,Deron Williams,Dallas Mavericks,8.0,PG,31.0,6-3,200.0,SDÜ,5378974.0,SDÜ
242,Trevor Ariza,Houston Rockets,1.0,SF,30.0,6-8,215.0,SDÜ,8193030.0,SDÜ
243,Michael Beasley,Houston Rockets,8.0,SF,27.0,6-10,235.0,SDÜ,306527.0,SDÜ
244,Patrick Beverley,Houston Rockets,2.0,PG,27.0,6-1,185.0,SDÜ,6486486.0,SDÜ
245,Corey Brewer,Houston Rockets,33.0,SG,30.0,6-9,186.0,SDÜ,8229375.0,SDÜ
246,Clint Capela,Houston Rockets,15.0,PF,22.0,6-10,240.0,SDÜ,1242720.0,SDÜ
247,Sam Dekker,Houston Rockets,7.0,SF,22.0,6-9,230.0,SDÜ,1646400.0,SDÜ
248,Andrew Goudelock,Houston Rockets,0.0,PG,27.0,6-3,200.0,SDÜ,200600.0,SDÜ
249,James Harden,Houston Rockets,13.0,SG,26.0,6-5,220.0,SDÜ,15756438.0,SDÜ
250,Montrezl Harrell,Houston Rockets,35.0,PF,22.0,6-8,240.0,SDÜ,1000000.0,SDÜ
251,Dwight Howard,Houston Rockets,12.0,C,30.0,6-11,265.0,SDÜ,22359364.0,SDÜ
252,Terrence Jones,Houston Rockets,6.0,PF,24.0,6-9,252.0,SDÜ,2489530.0,SDÜ
253,K.J. McDaniels,Houston Rockets,32.0,SG,23.0,6-6,205.0,SDÜ,3189794.0,SDÜ
254,Donatas Motiejunas,Houston Rockets,20.0,PF,25.0,7-0,222.0,SDÜ,2288205.0,SDÜ
255,Josh Smith,Houston Rockets,5.0,C,30.0,6-9,225.0,SDÜ,947276.0,SDÜ
256,Jason Terry,Houston Rockets,31.0,SG,38.0,6-2,185.0,SDÜ,947276.0,SDÜ
257,Jordan Adams,Memphis Grizzlies,3.0,SG,21.0,6-5,209.0,SDÜ,1404600.0,SDÜ
258,Tony Allen,Memphis Grizzlies,9.0,SG,34.0,6-4,213.0,SDÜ,5158539.0,SDÜ
259,Chris Andersen,Memphis Grizzlies,7.0,PF,37.0,6-10,245.0,SDÜ,5000000.0,SDÜ
260,Matt Barnes,Memphis Grizzlies,22.0,SF,36.0,6-7,226.0,SDÜ,3542500.0,SDÜ
261,Vince Carter,Memphis Grizzlies,15.0,SG,39.0,6-6,220.0,SDÜ,4088019.0,SDÜ
262,Mike Conley,Memphis Grizzlies,11.0,PG,28.0,6-1,175.0,SDÜ,9588426.0,SDÜ
263,Bryce Cotton,Memphis Grizzlies,8.0,PG,23.0,6-1,165.0,SDÜ,700902.0,SDÜ
264,Jordan Farmar,Memphis Grizzlies,4.0,PG,29.0,6-2,180.0,SDÜ,,SDÜ
265,Marc Gasol,Memphis Grizzlies,33.0,C,31.0,7-1,255.0,SDÜ,19688000.0,SDÜ
266,JaMychal Green,Memphis Grizzlies,0.0,PF,25.0,6-9,227.0,SDÜ,845059.0,SDÜ
267,P.J. Hairston,Memphis Grizzlies,19.0,SF,23.0,6-6,230.0,SDÜ,1201440.0,SDÜ
268,Jarell Martin,Memphis Grizzlies,10.0,PF,22.0,6-10,239.0,SDÜ,1230840.0,SDÜ
269,Ray McCallum,Memphis Grizzlies,5.0,PG,24.0,6-3,190.0,SDÜ,,SDÜ
270,Xavier Munford,Memphis Grizzlies,14.0,PG,24.0,6-3,180.0,SDÜ,,SDÜ
271,Zach Randolph,Memphis Grizzlies,50.0,PF,34.0,6-9,260.0,SDÜ,9638555.0,SDÜ
272,Lance Stephenson,Memphis Grizzlies,1.0,SF,25.0,6-5,230.0,SDÜ,9000000.0,SDÜ
273,Alex Stepheson,Memphis Grizzlies,35.0,PF,28.0,6-10,270.0,SDÜ,,SDÜ
274,Brandan Wright,Memphis Grizzlies,34.0,PF,28.0,6-10,210.0,SDÜ,5464000.0,SDÜ
275,Alexis Ajinca,New Orleans Pelicans,42.0,C,28.0,7-2,248.0,SDÜ,4389607.0,SDÜ
276,Ryan Anderson,New Orleans Pelicans,33.0,PF,28.0,6-10,240.0,SDÜ,8500000.0,SDÜ
277,Omer Asik,New Orleans Pelicans,3.0,C,29.0,7-0,255.0,SDÜ,9213483.0,SDÜ
278,Luke Babbitt,New Orleans Pelicans,8.0,SF,26.0,6-9,225.0,SDÜ,1100602.0,SDÜ
279,Norris Cole,New Orleans Pelicans,30.0,PG,27.0,6-2,175.0,SDÜ,3036927.0,SDÜ
280,Dante Cunningham,New Orleans Pelicans,44.0,PF,29.0,6-8,230.0,SDÜ,2850000.0,SDÜ
281,Anthony Davis,New Orleans Pelicans,23.0,PF,23.0,6-10,253.0,SDÜ,7070730.0,SDÜ
282,Bryce Dejean-Jones,New Orleans Pelicans,31.0,SG,23.0,6-6,203.0,SDÜ,169883.0,SDÜ
283,Toney Douglas,New Orleans Pelicans,16.0,PG,30.0,6-2,195.0,SDÜ,1164858.0,SDÜ
284,James Ennis,New Orleans Pelicans,4.0,SF,25.0,6-7,210.0,SDÜ,845059.0,SDÜ
285,Tyreke Evans,New Orleans Pelicans,1.0,SG,26.0,6-6,220.0,SDÜ,10734586.0,SDÜ
286,Tim Frazier,New Orleans Pelicans,2.0,PG,25.0,6-1,170.0,SDÜ,845059.0,SDÜ
287,Alonzo Gee,New Orleans Pelicans,15.0,SF,29.0,6-6,225.0,SDÜ,1320000.0,SDÜ
288,Eric Gordon,New Orleans Pelicans,10.0,SG,27.0,6-4,215.0,SDÜ,15514031.0,SDÜ
289,Jordan Hamilton,New Orleans Pelicans,25.0,SG,25.0,6-7,220.0,SDÜ,1015421.0,SDÜ
290,Jrue Holiday,New Orleans Pelicans,11.0,PG,25.0,6-4,205.0,SDÜ,10595507.0,SDÜ
291,Orlando Johnson,New Orleans Pelicans,0.0,SG,27.0,6-5,220.0,SDÜ,55722.0,SDÜ
292,Kendrick Perkins,New Orleans Pelicans,5.0,C,31.0,6-10,270.0,SDÜ,947276.0,SDÜ
293,Quincy Pondexter,New Orleans Pelicans,20.0,SF,28.0,6-7,220.0,SDÜ,3382023.0,SDÜ
294,LaMarcus Aldridge,San Antonio Spurs,12.0,PF,30.0,6-11,240.0,SDÜ,19689000.0,SDÜ
295,Kyle Anderson,San Antonio Spurs,1.0,SF,22.0,6-9,230.0,SDÜ,1142880.0,SDÜ
296,Matt Bonner,San Antonio Spurs,15.0,C,36.0,6-10,235.0,SDÜ,947276.0,SDÜ
297,Boris Diaw,San Antonio Spurs,33.0,C,34.0,6-8,250.0,SDÜ,7500000.0,SDÜ
298,Tim Duncan,San Antonio Spurs,21.0,C,40.0,6-11,250.0,SDÜ,5250000.0,SDÜ
299,Manu Ginobili,San Antonio Spurs,20.0,SG,38.0,6-6,205.0,SDÜ,2814000.0,SDÜ
300,Danny Green,San Antonio Spurs,14.0,SG,28.0,6-6,215.0,SDÜ,10000000.0,SDÜ
301,Kawhi Leonard,San Antonio Spurs,2.0,SF,24.0,6-7,230.0,SDÜ,16407500.0,SDÜ
302,Boban Marjanovic,San Antonio Spurs,40.0,C,27.0,7-3,290.0,SDÜ,1200000.0,SDÜ
303,Kevin Martin,San Antonio Spurs,23.0,SG,33.0,6-7,199.0,SDÜ,200600.0,SDÜ
304,Andre Miller,San Antonio Spurs,24.0,PG,40.0,6-3,200.0,SDÜ,250750.0,SDÜ
305,Patty Mills,San Antonio Spurs,8.0,PG,27.0,6-0,185.0,SDÜ,3578947.0,SDÜ
306,Tony Parker,San Antonio Spurs,9.0,PG,34.0,6-2,185.0,SDÜ,13437500.0,SDÜ
307,Jonathon Simmons,San Antonio Spurs,17.0,SG,26.0,6-6,195.0,SDÜ,525093.0,SDÜ
308,David West,San Antonio Spurs,30.0,PF,35.0,6-9,250.0,SDÜ,1499187.0,SDÜ
309,Kent Bazemore,Atlanta Hawks,24.0,SF,26.0,6-5,201.0,SDÜ,2000000.0,SDÜ
310,Tim Hardaway Jr.,Atlanta Hawks,10.0,SG,24.0,6-6,205.0,SDÜ,1304520.0,SDÜ
311,Kirk Hinrich,Atlanta Hawks,12.0,SG,35.0,6-4,190.0,SDÜ,2854940.0,SDÜ
312,Al Horford,Atlanta Hawks,15.0,C,30.0,6-10,245.0,SDÜ,12000000.0,SDÜ
313,Kris Humphries,Atlanta Hawks,43.0,PF,31.0,6-9,235.0,SDÜ,1000000.0,SDÜ
314,Kyle Korver,Atlanta Hawks,26.0,SG,35.0,6-7,212.0,SDÜ,5746479.0,SDÜ
315,Paul Millsap,Atlanta Hawks,4.0,PF,31.0,6-8,246.0,SDÜ,18671659.0,SDÜ
316,Mike Muscala,Atlanta Hawks,31.0,PF,24.0,6-11,240.0,SDÜ,947276.0,SDÜ
317,Lamar Patterson,Atlanta Hawks,13.0,SG,24.0,6-5,225.0,SDÜ,525093.0,SDÜ
318,Dennis Schroder,Atlanta Hawks,17.0,PG,22.0,6-1,172.0,SDÜ,1763400.0,SDÜ
319,Mike Scott,Atlanta Hawks,32.0,PF,27.0,6-8,237.0,SDÜ,3333333.0,SDÜ
320,Thabo Sefolosha,Atlanta Hawks,25.0,SF,32.0,6-7,220.0,SDÜ,4000000.0,SDÜ
321,Tiago Splitter,Atlanta Hawks,11.0,C,31.0,6-11,245.0,SDÜ,9756250.0,SDÜ
322,Walter Tavares,Atlanta Hawks,22.0,C,24.0,7-3,260.0,SDÜ,1000000.0,SDÜ
323,Jeff Teague,Atlanta Hawks,0.0,PG,27.0,6-2,186.0,SDÜ,8000000.0,SDÜ
324,Nicolas Batum,Charlotte Hornets,5.0,SG,27.0,6-8,200.0,SDÜ,13125306.0,SDÜ
325,Troy Daniels,Charlotte Hornets,30.0,SG,24.0,6-4,205.0,SDÜ,947276.0,SDÜ
326,Jorge Gutierrez,Charlotte Hornets,12.0,PG,27.0,6-3,189.0,SDÜ,189455.0,SDÜ
327,Tyler Hansbrough,Charlotte Hornets,50.0,PF,30.0,6-9,250.0,SDÜ,947276.0,SDÜ
328,Aaron Harrison,Charlotte Hornets,9.0,SG,21.0,6-6,210.0,SDÜ,525093.0,SDÜ
329,Spencer Hawes,Charlotte Hornets,0.0,PF,28.0,7-1,245.0,SDÜ,6110034.0,SDÜ
330,Al Jefferson,Charlotte Hornets,25.0,C,31.0,6-10,289.0,SDÜ,13500000.0,SDÜ
331,Frank Kaminsky III,Charlotte Hornets,44.0,C,23.0,7-0,240.0,SDÜ,2612520.0,SDÜ
332,Michael Kidd-Gilchrist,Charlotte Hornets,14.0,SF,22.0,6-7,232.0,SDÜ,6331404.0,SDÜ
333,Jeremy Lamb,Charlotte Hornets,3.0,SG,24.0,6-5,185.0,SDÜ,3034356.0,SDÜ
334,Courtney Lee,Charlotte Hornets,1.0,SG,30.0,6-5,200.0,SDÜ,5675000.0,SDÜ
335,Jeremy Lin,Charlotte Hornets,7.0,PG,27.0,6-3,200.0,SDÜ,2139000.0,SDÜ
336,Kemba Walker,Charlotte Hornets,15.0,PG,26.0,6-1,184.0,SDÜ,12000000.0,SDÜ
337,Marvin Williams,Charlotte Hornets,2.0,PF,29.0,6-9,237.0,SDÜ,7000000.0,SDÜ
338,Cody Zeller,Charlotte Hornets,40.0,C,23.0,7-0,240.0,SDÜ,4204200.0,SDÜ
339,Chris Bosh,Miami Heat,1.0,PF,32.0,6-11,235.0,SDÜ,22192730.0,SDÜ
340,Luol Deng,Miami Heat,9.0,SF,31.0,6-9,220.0,SDÜ,10151612.0,SDÜ
341,Goran Dragic,Miami Heat,7.0,PG,30.0,6-3,190.0,SDÜ,14783000.0,SDÜ
342,Gerald Green,Miami Heat,14.0,SF,30.0,6-7,205.0,SDÜ,947276.0,SDÜ
343,Udonis Haslem,Miami Heat,40.0,PF,36.0,6-8,235.0,SDÜ,2854940.0,SDÜ
344,Joe Johnson,Miami Heat,2.0,SF,34.0,6-7,240.0,SDÜ,261894.0,SDÜ
345,Tyler Johnson,Miami Heat,8.0,SG,24.0,6-4,186.0,SDÜ,845059.0,SDÜ
346,Josh McRoberts,Miami Heat,4.0,PF,29.0,6-10,240.0,SDÜ,5543725.0,SDÜ
347,Josh Richardson,Miami Heat,0.0,SG,22.0,6-6,200.0,SDÜ,525093.0,SDÜ
348,Amar'e Stoudemire,Miami Heat,5.0,PF,33.0,6-10,245.0,SDÜ,947276.0,SDÜ
349,Dwyane Wade,Miami Heat,3.0,SG,34.0,6-4,220.0,SDÜ,20000000.0,SDÜ
350,Briante Weber,Miami Heat,12.0,PG,23.0,6-2,165.0,SDÜ,,SDÜ
351,Hassan Whiteside,Miami Heat,21.0,C,26.0,7-0,265.0,SDÜ,981348.0,SDÜ
352,Justise Winslow,Miami Heat,20.0,SF,20.0,6-7,225.0,SDÜ,2481720.0,SDÜ
353,Dorell Wright,Miami Heat,11.0,SF,30.0,6-9,205.0,SDÜ,,SDÜ
354,Dewayne Dedmon,Orlando Magic,3.0,C,26.0,7-0,245.0,SDÜ,947276.0,SDÜ
355,Evan Fournier,Orlando Magic,10.0,SG,23.0,6-7,205.0,SDÜ,2288205.0,SDÜ
356,Aaron Gordon,Orlando Magic,0.0,PF,20.0,6-9,220.0,SDÜ,4171680.0,SDÜ
357,Mario Hezonja,Orlando Magic,23.0,SG,21.0,6-8,218.0,SDÜ,3741480.0,SDÜ
358,Ersan Ilyasova,Orlando Magic,7.0,PF,29.0,6-10,235.0,SDÜ,7900000.0,SDÜ
359,Brandon Jennings,Orlando Magic,55.0,PG,26.0,6-1,169.0,SDÜ,8344497.0,SDÜ
360,Devyn Marble,Orlando Magic,11.0,SF,23.0,6-6,200.0,SDÜ,845059.0,SDÜ
361,Shabazz Napier,Orlando Magic,13.0,PG,24.0,6-1,175.0,SDÜ,1294440.0,SDÜ
362,Andrew Nicholson,Orlando Magic,44.0,PF,26.0,6-9,250.0,SDÜ,2380593.0,SDÜ
363,Victor Oladipo,Orlando Magic,5.0,SG,24.0,6-4,210.0,SDÜ,5192520.0,SDÜ
364,Elfrid Payton,Orlando Magic,4.0,PG,22.0,6-4,185.0,SDÜ,2505720.0,SDÜ
365,Jason Smith,Orlando Magic,14.0,PF,30.0,7-0,240.0,SDÜ,4300000.0,SDÜ
366,Nikola Vucevic,Orlando Magic,9.0,C,25.0,7-0,260.0,SDÜ,11250000.0,SDÜ
367,C.J. Watson,Orlando Magic,32.0,PG,32.0,6-2,175.0,SDÜ,5000000.0,SDÜ
368,Alan Anderson,Washington Wizards,6.0,SG,33.0,6-6,220.0,SDÜ,4000000.0,SDÜ
369,Bradley Beal,Washington Wizards,3.0,SG,22.0,6-5,207.0,SDÜ,5694674.0,SDÜ
370,Jared Dudley,Washington Wizards,1.0,SF,30.0,6-7,225.0,SDÜ,4375000.0,SDÜ
371,Jarell Eddie,Washington Wizards,8.0,SG,24.0,6-7,218.0,SDÜ,561716.0,SDÜ
372,Drew Gooden,Washington Wizards,90.0,PF,34.0,6-10,250.0,SDÜ,3300000.0,SDÜ
373,Marcin Gortat,Washington Wizards,13.0,C,32.0,6-11,240.0,SDÜ,11217391.0,SDÜ
374,JJ Hickson,Washington Wizards,21.0,C,27.0,6-9,242.0,SDÜ,273038.0,SDÜ
375,Nene Hilario,Washington Wizards,42.0,C,33.0,6-11,250.0,SDÜ,13000000.0,SDÜ
376,Markieff Morris,Washington Wizards,5.0,PF,26.0,6-10,245.0,SDÜ,8000000.0,SDÜ
377,Kelly Oubre Jr.,Washington Wizards,12.0,SF,20.0,6-7,205.0,SDÜ,1920240.0,SDÜ
378,Otto Porter Jr.,Washington Wizards,22.0,SF,23.0,6-8,198.0,SDÜ,4662960.0,SDÜ
379,Ramon Sessions,Washington Wizards,7.0,PG,30.0,6-3,190.0,SDÜ,2170465.0,SDÜ
380,Garrett Temple,Washington Wizards,17.0,SG,30.0,6-6,195.0,SDÜ,1100602.0,SDÜ
381,Marcus Thornton,Washington Wizards,15.0,SF,29.0,6-4,205.0,SDÜ,200600.0,SDÜ
382,John Wall,Washington Wizards,2.0,PG,25.0,6-4,195.0,SDÜ,15851950.0,SDÜ
383,Darrell Arthur,Denver Nuggets,0.0,PF,28.0,6-9,235.0,SDÜ,2814000.0,SDÜ
384,D.J. Augustin,Denver Nuggets,12.0,PG,28.0,6-0,183.0,SDÜ,3000000.0,SDÜ
385,Will Barton,Denver Nuggets,5.0,SF,25.0,6-6,175.0,SDÜ,3533333.0,SDÜ
386,Wilson Chandler,Denver Nuggets,21.0,SF,29.0,6-8,225.0,SDÜ,10449438.0,SDÜ
387,Kenneth Faried,Denver Nuggets,35.0,PF,26.0,6-8,228.0,SDÜ,11235955.0,SDÜ
388,Danilo Gallinari,Denver Nuggets,8.0,SF,27.0,6-10,225.0,SDÜ,14000000.0,SDÜ
389,Gary Harris,Denver Nuggets,14.0,SG,21.0,6-4,210.0,SDÜ,1584480.0,SDÜ
390,Nikola Jokic,Denver Nuggets,15.0,C,21.0,6-10,250.0,SDÜ,1300000.0,SDÜ
391,Joffrey Lauvergne,Denver Nuggets,77.0,C,24.0,6-11,220.0,SDÜ,1709719.0,SDÜ
392,Mike Miller,Denver Nuggets,3.0,SG,36.0,6-8,218.0,SDÜ,947276.0,SDÜ
393,Emmanuel Mudiay,Denver Nuggets,0.0,PG,20.0,6-5,200.0,SDÜ,3102240.0,SDÜ
394,Jameer Nelson,Denver Nuggets,1.0,PG,34.0,6-0,190.0,SDÜ,4345000.0,SDÜ
395,Jusuf Nurkic,Denver Nuggets,23.0,C,21.0,7-0,280.0,SDÜ,1842000.0,SDÜ
396,JaKarr Sampson,Denver Nuggets,9.0,SG,23.0,6-9,214.0,SDÜ,258489.0,SDÜ
397,Axel Toupane,Denver Nuggets,6.0,SG,23.0,6-7,210.0,SDÜ,,SDÜ
398,Nemanja Bjelica,Minnesota Timberwolves,88.0,PF,28.0,6-10,240.0,SDÜ,3950001.0,SDÜ
399,Gorgui Dieng,Minnesota Timberwolves,5.0,C,26.0,6-11,241.0,SDÜ,1474440.0,SDÜ
400,Kevin Garnett,Minnesota Timberwolves,21.0,PF,40.0,6-11,240.0,SDÜ,8500000.0,SDÜ
401,Tyus Jones,Minnesota Timberwolves,1.0,PG,20.0,6-2,195.0,SDÜ,1282080.0,SDÜ
402,Zach LaVine,Minnesota Timberwolves,8.0,PG,21.0,6-5,189.0,SDÜ,2148360.0,SDÜ
403,Shabazz Muhammad,Minnesota Timberwolves,15.0,SF,23.0,6-6,223.0,SDÜ,2056920.0,SDÜ
404,Adreian Payne,Minnesota Timberwolves,33.0,PF,25.0,6-10,237.0,SDÜ,1938840.0,SDÜ
405,Nikola Pekovic,Minnesota Timberwolves,14.0,C,30.0,6-11,307.0,SDÜ,12100000.0,SDÜ
406,Tayshaun Prince,Minnesota Timberwolves,12.0,SF,36.0,6-9,212.0,SDÜ,947276.0,SDÜ
407,Ricky Rubio,Minnesota Timberwolves,9.0,PG,25.0,6-4,194.0,SDÜ,12700000.0,SDÜ
408,Damjan Rudez,Minnesota Timberwolves,10.0,SF,29.0,6-9,230.0,SDÜ,1149500.0,SDÜ
409,Greg Smith,Minnesota Timberwolves,4.0,PF,25.0,6-10,250.0,SDÜ,,SDÜ
410,Karl-Anthony Towns,Minnesota Timberwolves,32.0,C,20.0,7-0,244.0,SDÜ,5703600.0,SDÜ
411,Andrew Wiggins,Minnesota Timberwolves,22.0,SG,21.0,6-8,199.0,SDÜ,5758680.0,SDÜ
412,Steven Adams,Oklahoma City Thunder,12.0,C,22.0,7-0,255.0,SDÜ,2279040.0,SDÜ
413,Nick Collison,Oklahoma City Thunder,4.0,PF,35.0,6-10,255.0,SDÜ,3750000.0,SDÜ
414,Kevin Durant,Oklahoma City Thunder,35.0,SF,27.0,6-9,240.0,SDÜ,20158622.0,SDÜ
415,Randy Foye,Oklahoma City Thunder,6.0,SG,32.0,6-4,213.0,SDÜ,3135000.0,SDÜ
416,Josh Huestis,Oklahoma City Thunder,34.0,SF,24.0,6-7,230.0,SDÜ,1140240.0,SDÜ
417,Serge Ibaka,Oklahoma City Thunder,9.0,PF,26.0,6-10,245.0,SDÜ,12250000.0,SDÜ
418,Enes Kanter,Oklahoma City Thunder,11.0,C,24.0,6-11,245.0,SDÜ,16407500.0,SDÜ
419,Mitch McGary,Oklahoma City Thunder,33.0,PF,24.0,6-10,255.0,SDÜ,1463040.0,SDÜ
420,Nazr Mohammed,Oklahoma City Thunder,13.0,C,38.0,6-10,250.0,SDÜ,222888.0,SDÜ
421,Anthony Morrow,Oklahoma City Thunder,2.0,SG,30.0,6-5,210.0,SDÜ,3344000.0,SDÜ
422,Cameron Payne,Oklahoma City Thunder,22.0,PG,21.0,6-3,185.0,SDÜ,2021520.0,SDÜ
423,Andre Roberson,Oklahoma City Thunder,21.0,SG,24.0,6-7,210.0,SDÜ,1210800.0,SDÜ
424,Kyle Singler,Oklahoma City Thunder,5.0,SF,28.0,6-8,228.0,SDÜ,4500000.0,SDÜ
425,Dion Waiters,Oklahoma City Thunder,3.0,SG,24.0,6-4,220.0,SDÜ,5138430.0,SDÜ
426,Russell Westbrook,Oklahoma City Thunder,0.0,PG,27.0,6-3,200.0,SDÜ,16744218.0,SDÜ
427,Cliff Alexander,Portland Trail Blazers,34.0,PF,20.0,6-8,240.0,SDÜ,525093.0,SDÜ
428,Al-Farouq Aminu,Portland Trail Blazers,8.0,SF,25.0,6-9,215.0,SDÜ,8042895.0,SDÜ
429,Pat Connaughton,Portland Trail Blazers,5.0,SG,23.0,6-5,206.0,SDÜ,625093.0,SDÜ
430,Allen Crabbe,Portland Trail Blazers,23.0,SG,24.0,6-6,210.0,SDÜ,947276.0,SDÜ
431,Ed Davis,Portland Trail Blazers,17.0,C,27.0,6-10,240.0,SDÜ,6980802.0,SDÜ
432,Maurice Harkless,Portland Trail Blazers,4.0,SF,23.0,6-9,215.0,SDÜ,2894059.0,SDÜ
433,Gerald Henderson,Portland Trail Blazers,9.0,SG,28.0,6-5,215.0,SDÜ,6000000.0,SDÜ
434,Chris Kaman,Portland Trail Blazers,35.0,C,34.0,7-0,265.0,SDÜ,5016000.0,SDÜ
435,Meyers Leonard,Portland Trail Blazers,11.0,PF,24.0,7-1,245.0,SDÜ,3075880.0,SDÜ
436,Damian Lillard,Portland Trail Blazers,0.0,PG,25.0,6-3,195.0,SDÜ,4236287.0,SDÜ
437,C.J. McCollum,Portland Trail Blazers,3.0,SG,24.0,6-4,200.0,SDÜ,2525160.0,SDÜ
438,Luis Montero,Portland Trail Blazers,44.0,SG,23.0,6-7,185.0,SDÜ,525093.0,SDÜ
439,Mason Plumlee,Portland Trail Blazers,24.0,C,26.0,6-11,235.0,SDÜ,1415520.0,SDÜ
440,Brian Roberts,Portland Trail Blazers,2.0,PG,30.0,6-1,173.0,SDÜ,2854940.0,SDÜ
441,Noah Vonleh,Portland Trail Blazers,21.0,PF,20.0,6-9,240.0,SDÜ,2637720.0,SDÜ
442,Trevor Booker,Utah Jazz,33.0,PF,28.0,6-8,228.0,SDÜ,4775000.0,SDÜ
443,Trey Burke,Utah Jazz,3.0,PG,23.0,6-1,191.0,SDÜ,2658240.0,SDÜ
444,Alec Burks,Utah Jazz,10.0,SG,24.0,6-6,214.0,SDÜ,9463484.0,SDÜ
445,Dante Exum,Utah Jazz,11.0,PG,20.0,6-6,190.0,SDÜ,3777720.0,SDÜ
446,Derrick Favors,Utah Jazz,15.0,PF,24.0,6-10,265.0,SDÜ,12000000.0,SDÜ
447,Rudy Gobert,Utah Jazz,27.0,C,23.0,7-1,245.0,SDÜ,1175880.0,SDÜ
448,Gordon Hayward,Utah Jazz,20.0,SF,26.0,6-8,226.0,SDÜ,15409570.0,SDÜ
449,Rodney Hood,Utah Jazz,5.0,SG,23.0,6-8,206.0,SDÜ,1348440.0,SDÜ
450,Joe Ingles,Utah Jazz,2.0,SF,28.0,6-8,226.0,SDÜ,2050000.0,SDÜ
451,Chris Johnson,Utah Jazz,23.0,SF,26.0,6-6,206.0,SDÜ,981348.0,SDÜ
452,Trey Lyles,Utah Jazz,41.0,PF,20.0,6-10,234.0,SDÜ,2239800.0,SDÜ
453,Shelvin Mack,Utah Jazz,8.0,PG,26.0,6-3,203.0,SDÜ,2433333.0,SDÜ
454,Raul Neto,Utah Jazz,25.0,PG,24.0,6-1,179.0,SDÜ,900000.0,SDÜ
455,Tibor Pleiss,Utah Jazz,21.0,C,26.0,7-3,256.0,SDÜ,2900000.0,SDÜ
456,Jeff Withey,Utah Jazz,24.0,C,26.0,7-0,231.0,SDÜ,947276.0,SDÜ
457,,,,,,,,SDÜ,,SDÜ
